id,word
1,abacus
2,abased
3,abated
4,abates
5,abayas
6,abbess
7,abbeys
8,abbots
9,abduct
10,abhors
11,abided
12,abides
13,abject
14,abjure
15,ablate
16,ablaze
17,aboard
18,abodes
19,aborts
20,abound
21,abrade
22,abroad
23,abrupt
24,absent
25,absorb
26,absurd
27,abused
28,abuser
29,abuses
30,acacia
31,accede
32,accent
33,accept
34,access
35,accord
36,accost
37,accrue
38,accuse
39,acetic
40,acetyl
41,aching
42,acidic
43,acinar
44,acorns
45,across
46,acting
47,action
48,active
49,actors
50,actual
51,acuity
52,acumen
53,adages
54,adagio
55,adapts
56,addend
57,adders
58,addict
59,adding
60,addled
61,adduce
62,adduct
63,adepts
64,adhere
65,adipic
66,adjoin
67,adjust
68,admire
69,admits
70,adobes
71,adopts
72,adored
73,adores
74,adorns
75,adrift
76,adroit
77,adsorb
78,adults
79,advent
80,adverb
81,advert
82,advice
83,advise
84,adware
85,adzuki
86,aerate
87,aerial
88,aeries
89,affair
90,affect
91,affine
92,affirm
93,afford
94,affray
95,afghan
96,afield
97,aflame
98,afloat
99,afraid
100,afresh
101,agates
102,agaves
103,ageing
104,ageism
105,agency
106,agenda
107,agents
108,aghast
109,agouti
110,agreed
111,agrees
112,ahimsa
113,aiders
114,aiding
115,aikido
116,ailing
117,aiming
118,airbag
119,airier
120,airily
121,airing
122,airman
123,airmen
124,airway
125,aisles
126,alarms
127,albedo
128,albeit
129,albino
130,albite
131,albums
132,alcove
133,alders
134,alerts
135,alibis
136,aliens
137,alight
138,aligns
139,aliyah
140,alkali
141,alkane
142,alkyds
143,allays
144,allege
145,allele
146,alleys
147,allied
148,allies
149,allots
150,allows
151,alloys
152,allude
153,allure
154,almond
155,almost
156,alpaca
157,alphas
158,alpine
159,altars
160,alters
161,alumna
162,alumni
163,always
164,amazed
165,amazes
166,amazon
167,ambers
168,ambled
169,ambles
170,ambush
171,amends
172,amicus
173,amidst
174,amines
175,amnion
176,amoeba
177,amoral
178,amount
179,amours
180,ampere
181,ampler
182,ampule
183,amtrak
184,amulet
185,amused
186,amuses
187,anally
188,analog
189,anchor
190,anemia
191,anemic
192,angels
193,angers
194,angina
195,angled
196,angler
197,angles
198,angora
199,angsty
200,animal
201,animus
202,anions
203,ankles
204,anklet
205,annals
206,annoys
207,annual
208,annuls
209,anodes
210,anodic
211,anoint
212,anoles
213,anomie
214,anorak
215,anoxia
216,anoxic
217,answer
218,anthem
219,anther
220,antics
221,antler
222,antral
223,antrum
224,anuses
225,anvils
226,anyhow
227,anyone
228,anyway
229,aorist
230,aortic
231,apache
232,apathy
233,apexes
234,aphids
235,apiary
236,apical
237,apices
238,apiece
239,aplomb
240,apneas
241,apneic
242,apnoea
243,apogee
244,appall
245,appeal
246,appear
247,append
248,apples
249,applet
250,aprons
251,arabic
252,arable
253,arbors
254,arbour
255,arcade
256,arcana
257,arcane
258,arched
259,archer
260,arches
261,archly
262,arctic
263,ardent
264,ardour
265,arenas
266,areola
267,argent
268,argued
269,arguer
270,argues
271,argyle
272,aright
273,arisen
274,arises
275,armada
276,armful
277,armies
278,arming
279,armlet
280,armory
281,armour
282,armpit
283,arnica
284,aromas
285,around
286,arouse
287,arrant
288,arrays
289,arrear
290,arrest
291,arrive
292,arrows
293,arroyo
294,arsons
295,artery
296,artful
297,artist
298,ascend
299,ascent
300,ashore
301,ashram
302,asides
303,asking
304,asleep
305,aspect
306,aspens
307,aspire
308,assail
309,assays
310,assent
311,assert
312,assess
313,assets
314,assign
315,assist
316,assize
317,assume
318,assure
319,astern
320,asters
321,asthma
322,astral
323,astray
324,astute
325,asylum
326,ataxia
327,atlatl
328,atolls
329,atomic
330,atonal
331,atopic
332,atrial
333,atrium
334,attach
335,attack
336,attain
337,attend
338,attest
339,attics
340,attire
341,attune
342,auburn
343,audios
344,audits
345,augers
346,augurs
347,augury
348,august
349,auntie
350,aureus
351,aurora
352,auteur
353,author
354,autism
355,autumn
356,auxins
357,avails
358,avatar
359,avenge
360,avenue
361,averse
362,averts
363,avians
364,aviary
365,avidly
366,avoids
367,avowal
368,avowed
369,awaits
370,awaked
371,awaken
372,awakes
373,awards
374,awhile
375,awning
376,awoken
377,axeman
378,axilla
379,axioms
380,axions
381,axonal
382,azalea
383,babble
384,babied
385,babies
386,baboon
387,backed
388,backer
389,backup
390,bacons
391,badass
392,badder
393,baddie
394,badged
395,badger
396,badges
397,badman
398,baffle
399,bagels
400,bagged
401,bagger
402,baggie
403,bagman
404,bagmen
405,bailed
406,bailer
407,bairns
408,baited
409,baiter
410,bakers
411,bakery
412,baking
413,balder
414,baldly
415,baleen
416,balers
417,baling
418,balked
419,ballad
420,balled
421,baller
422,ballet
423,ballot
424,ballsy
425,balsam
426,bamboo
427,banana
428,banded
429,bander
430,bandit
431,banged
432,banger
433,bangle
434,banish
435,banjos
436,banked
437,banker
438,banned
439,banner
440,bantam
441,banter
442,banyan
443,banzai
444,baobab
445,barbed
446,barbel
447,barber
448,barbie
449,bardic
450,barely
451,barest
452,barfed
453,barged
454,barges
455,baring
456,barite
457,barium
458,barked
459,barker
460,barley
461,barman
462,barons
463,barony
464,barque
465,barred
466,barrel
467,barren
468,barrow
469,barter
470,baryon
471,basalt
472,basely
473,basest
474,bashed
475,basher
476,bashes
477,basics
478,basils
479,basing
480,basins
481,basked
482,basket
483,basque
484,basses
485,basset
486,basted
487,baster
488,bastes
489,bateau
490,bathed
491,bather
492,bathes
493,bathos
494,batiks
495,batman
496,batons
497,batted
498,batten
499,batter
500,battle
501,bauble
502,bawled
503,baying
504,bazaar
505,beachy
506,beacon
507,beaded
508,beagle
509,beaked
510,beaker
511,beamed
512,beanie
513,beards
514,bearer
515,beasts
516,beaten
517,beater
518,beauty
519,beaver
520,became
521,beckon
522,become
523,bedbug
524,bedded
525,bedeck
526,bedlam
527,bedpan
528,bedsit
529,beefed
530,beeped
531,beeper
532,beetle
533,befall
534,befell
535,befits
536,before
537,begets
538,beggar
539,begged
540,begins
541,behalf
542,behave
543,beheld
544,behest
545,behind
546,behold
547,beiges
548,beings
549,belfry
550,belief
551,belies
552,belles
553,bellow
554,belong
555,belted
556,belter
557,beluga
558,bemoan
559,bemuse
560,bended
561,bender
562,benign
563,berate
564,bereft
565,berets
566,berlin
567,berths
568,besets
569,beside
570,bested
571,bestir
572,bestow
573,betake
574,betide
575,betray
576,better
577,bettor
578,bevels
579,bewail
580,beware
581,beyond
582,bezels
583,bhakti
584,biased
585,biases
586,bibles
587,biceps
588,bicker
589,bidden
590,bidder
591,bidets
592,biding
593,biffed
594,bifold
595,bigamy
596,bigeye
597,bigger
598,biggie
599,bigots
600,bigwig
601,bikers
602,biking
603,bikini
604,bilges
605,bilked
606,billed
607,biller
608,billet
609,billon
610,billow
611,bimbos
612,binary
613,binder
614,binged
615,binges
616,biogas
617,biomes
618,bionic
619,biopsy
620,biotas
621,biotic
622,biotin
623,bipeds
624,birder
625,birdie
626,births
627,bisect
628,bishop
629,bisons
630,bisque
631,bistro
632,bitchy
633,biters
634,biting
635,bitmap
636,bitten
637,bitter
638,blacks
639,bladed
640,blader
641,blades
642,blamed
643,blames
644,blanch
645,blanks
646,blared
647,blares
648,blasts
649,blazed
650,blazer
651,blazes
652,blazon
653,bleach
654,bleary
655,bleats
656,bleeds
657,bleeps
658,blends
659,blenny
660,blight
661,blimey
662,blimps
663,blinds
664,blinis
665,blinks
666,blithe
667,blobby
668,blocks
669,blocky
670,bloggy
671,blokes
672,blonde
673,blonds
674,bloods
675,bloody
676,blooms
677,blotch
678,blouse
679,blousy
680,blowed
681,blower
682,blowup
683,bluesy
684,bluffs
685,bluing
686,bluish
687,blunts
688,blurbs
689,blurry
690,blurts
691,boards
692,boasts
693,boated
694,boater
695,bobbed
696,bobber
697,bobbin
698,bobble
699,bobcat
700,bodega
701,bodice
702,bodied
703,bodies
704,bodily
705,boding
706,bodkin
707,boffin
708,bogeys
709,bogged
710,boggle
711,bogies
712,boiled
713,boiler
714,bolder
715,boldly
716,bolero
717,bolted
718,bombed
719,bomber
720,bonbon
721,bonded
722,boners
723,bongos
724,bonier
725,bonito
726,bonked
727,bonnet
728,bonobo
729,bonsai
730,boobie
731,booboo
732,booger
733,boogie
734,boohoo
735,booing
736,booked
737,booker
738,bookie
739,boomed
740,boomer
741,boosts
742,booted
743,booths
744,bootie
745,boozed
746,boozer
747,bopped
748,bopper
749,borage
750,borate
751,border
752,boreal
753,borers
754,boring
755,borrow
756,bosoms
757,bosons
758,bossed
759,bosses
760,botany
761,bother
762,botnet
763,bottle
764,bottom
765,boucle
766,boudin
767,boughs
768,bought
769,bougie
770,boules
771,bounce
772,bouncy
773,bounds
774,bounty
775,bourne
776,bourse
777,bovine
778,bowels
779,bowers
780,bowery
781,bowing
782,bowled
783,bowler
784,bowman
785,bowmen
786,boxcar
787,boxers
788,boxier
789,boxing
790,boyars
791,boyish
792,braced
793,bracer
794,braces
795,bracts
796,brahma
797,braids
798,brains
799,brainy
800,braise
801,braked
802,brakes
803,branch
804,brands
805,brandy
806,brassy
807,bratty
808,braved
809,braver
810,braves
811,bravos
812,brawls
813,brawns
814,brawny
815,brayed
816,brayer
817,brazed
818,brazen
819,brazil
820,breach
821,breads
822,bready
823,breaks
824,breast
825,breath
826,breech
827,breeds
828,breeze
829,breezy
830,brevet
831,brewed
832,brewer
833,briars
834,bribed
835,bribes
836,bricks
837,bridal
838,brides
839,bridge
840,bridle
841,briefs
842,briers
843,bright
844,brined
845,brines
846,brings
847,brinks
848,broach
849,broads
850,brogue
851,broils
852,broken
853,broker
854,bronco
855,broncs
856,bronze
857,bronzy
858,brooch
859,broods
860,broody
861,brooks
862,brooms
863,broths
864,browns
865,browse
866,bruins
867,bruise
868,brunch
869,brushy
870,brutal
871,brutes
872,bubble
873,bubbly
874,buccal
875,bucked
876,bucket
877,buckle
878,budded
879,budged
880,budget
881,budgie
882,buffed
883,buffer
884,buffet
885,bugged
886,bugger
887,bugler
888,bugles
889,builds
890,bulged
891,bulges
892,bulgur
893,bulked
894,bulled
895,bullet
896,bumble
897,bummed
898,bummer
899,bumped
900,bumper
901,bundle
902,bungee
903,bungle
904,bunion
905,bunked
906,bunker
907,bunkum
908,bunted
909,buoyed
910,burble
911,burden
912,bureau
913,burger
914,burgle
915,burial
916,buried
917,buries
918,burkas
919,burlap
920,burley
921,burned
922,burner
923,burnet
924,burped
925,burqas
926,burros
927,burrow
928,bursar
929,bursts
930,burton
931,busboy
932,bushed
933,bushel
934,bushes
935,busied
936,busier
937,busies
938,busily
939,busing
940,busker
941,bussed
942,busses
943,busted
944,buster
945,bustle
946,butane
947,butler
948,butted
949,butter
950,buttes
951,button
952,buyers
953,buying
954,buyout
955,buzzed
956,buzzer
957,buzzes
958,bygone
959,bylaws
960,byline
961,bypass
962,byways
963,byword
964,cabals
965,cabana
966,cabbie
967,cabins
968,cabled
969,cables
970,cachet
971,cackle
972,cactus
973,caddie
974,caddis
975,cadets
976,cadres
977,caecum
978,caftan
979,caging
980,caiman
981,cairns
982,caking
983,calico
984,caliph
985,called
986,caller
987,callow
988,callus
989,calmed
990,calmer
991,calmly
992,calved
993,calves
994,camber
995,camels
996,cameos
997,camera
998,camped
999,camper
1000,campos
1001,campus
1002,canals
1003,canape
1004,canard
1005,canary
1006,cancel
1007,cancer
1008,candid
1009,candle
1010,candor
1011,canids
1012,canine
1013,caning
1014,canker
1015,cannas
1016,canned
1017,canner
1018,cannon
1019,canoed
1020,canoes
1021,canola
1022,canons
1023,canopy
1024,canted
1025,canter
1026,canton
1027,cantor
1028,cantos
1029,canvas
1030,canyon
1031,capers
1032,capful
1033,capita
1034,capons
1035,capped
1036,capper
1037,capsid
1038,captor
1039,carafe
1040,carats
1041,carbon
1042,carbos
1043,carboy
1044,carded
1045,carder
1046,cardia
1047,cardio
1048,careen
1049,career
1050,carers
1051,caress
1052,cargos
1053,caries
1054,carina
1055,caring
1056,carnal
1057,carney
1058,carols
1059,caroms
1060,carpal
1061,carped
1062,carpel
1063,carpet
1064,carrel
1065,carrot
1066,carted
1067,cartel
1068,carter
1069,carton
1070,carved
1071,carver
1072,carves
1073,casein
1074,cashed
1075,cashes
1076,cashew
1077,casing
1078,casino
1079,casket
1080,casque
1081,cassia
1082,cassis
1083,caster
1084,castes
1085,castle
1086,castor
1087,casual
1088,catchy
1089,caters
1090,cation
1091,catkin
1092,catnap
1093,catnip
1094,catsup
1095,cattle
1096,caucus
1097,caudal
1098,caught
1099,causal
1100,caused
1101,causes
1102,caveat
1103,cavern
1104,caviar
1105,cavils
1106,caving
1107,cavity
1108,cavort
1109,cayman
1110,ceased
1111,ceases
1112,cedars
1113,ceding
1114,celebs
1115,celery
1116,celiac
1117,cellar
1118,celled
1119,cellos
1120,cement
1121,cenote
1122,censer
1123,censor
1124,census
1125,center
1126,centre
1127,cereal
1128,cereus
1129,cerise
1130,cerium
1131,cervix
1132,cesium
1133,cetane
1134,chador
1135,chafed
1136,chafes
1137,chains
1138,chairs
1139,chaise
1140,chalet
1141,chalks
1142,chalky
1143,champs
1144,chance
1145,chancy
1146,change
1147,chants
1148,chapel
1149,charge
1150,charms
1151,charro
1152,charts
1153,chased
1154,chaser
1155,chases
1156,chasms
1157,chasse
1158,chaste
1159,chatty
1160,cheapo
1161,cheats
1162,checks
1163,cheeks
1164,cheeky
1165,cheers
1166,cheery
1167,cheese
1168,cheesy
1169,cheque
1170,cherry
1171,cherub
1172,chests
1173,chesty
1174,chevre
1175,chewed
1176,chewer
1177,chiasm
1178,chicks
1179,chicle
1180,chided
1181,chides
1182,chiefs
1183,chiles
1184,chilli
1185,chills
1186,chilly
1187,chimed
1188,chimes
1189,chimps
1190,chinas
1191,chinch
1192,chines
1193,choice
1194,choose
1195,chords
1196,chorus
1197,chosen
1198,chrome
1199,chunks
1200,church
1201,cinema
1202,circle
1203,circus
1204,cities
1205,citing
1206,citrus
1207,claims
1208,classy
1209,clause
1210,clever
1211,clicks
1212,client
1213,cliffs
1214,clinic
1215,closed
1216,closer
1217,closes
1218,closet
1219,clouds
1220,clutch
1221,coated
1222,coding
1223,coffee
1224,cohort
1225,colder
1226,collar
1227,colony
1228,colors
1229,colour
1230,column
1231,combat
1232,comedy
1233,comics
1234,coming
1235,commit
1236,common
1237,comply
1238,convey
1239,cooked
1240,cooker
1241,cookie
1242,cooler
1243,copied
1244,copies
1245,copper
1246,corner
1247,cosmic
1248,costly
1249,cotton
1250,counts
1251,county
1252,couple
1253,coupon
1254,course
1255,courts
1256,cousin
1257,covers
1258,cracks
1259,crafts
1260,creams
1261,creamy
1262,create
1263,credit
1264,creepy
1265,crimes
1266,crisis
1267,critic
1268,crowds
1269,cruise
1270,crying
1271,cursor
1272,curved
1273,curves
1274,custom
1275,cutter
1276,cycles
1277,damage
1278,dancer
1279,danger
1280,danish
1281,darker
1282,dating
1283,deadly
1284,dealer
1285,deaths
1286,debate
1287,debris
1288,decade
1289,decent
1290,decide
1291,deemed
1292,deeper
1293,deeply
1294,defeat
1295,defect
1296,defend
1297,define
1298,degree
1299,delays
1300,delete
1301,demand
1302,demons
1303,denial
1304,denied
1305,dental
1306,depart
1307,depend
1308,deploy
1309,depths
1310,deputy
1311,desert
1312,design
1313,desire
1314,detail
1315,detect
1316,device
1317,devils
1318,dialog
1319,diesel
1320,differ
1321,digits
1322,dining
1323,dinner
1324,direct
1325,dishes
1326,divide
1327,divine
1328,diving
1329,doctor
1330,dollar
1331,domain
1332,donate
1333,donors
1334,dosage
1335,double
1336,doubts
1337,dozens
1338,dragon
1339,drawer
1340,dreams
1341,drills
1342,drinks
1343,driven
1344,driver
1345,drives
1346,drones
1347,drying
1348,dubbed
1349,dumped
1350,during
1351,duties
1352,eagles
1353,earned
1354,easier
1355,easily
1356,easter
1357,eating
1358,edible
1359,edited
1360,editor
1361,effect
1362,effort
1363,eighth
1364,either
1365,elders
1366,eleven
1367,emails
1368,emerge
1369,empire
1370,employ
1371,enable
1372,ending
1373,endure
1374,energy
1375,engage
1376,engine
1377,enjoys
1378,enough
1379,enroll
1380,ensure
1381,enters
1382,entire
1383,entity
1384,enzyme
1385,equals
1386,equity
1387,errors
1388,escape
1389,essays
1390,estate
1391,ethics
1392,ethnic
1393,evenly
1394,events
1395,evolve
1396,exceed
1397,except
1398,excess
1399,excuse
1400,exempt
1401,exists
1402,exotic
1403,expand
1404,expect
1405,expert
1406,expire
1407,export
1408,expose
1409,extend
1410,extent
1411,extras
1412,fabric
1413,facial
1414,facing
1415,factor
1416,failed
1417,fairly
1418,fallen
1419,family
1420,famous
1421,farmer
1422,faster
1423,father
1424,faults
1425,faulty
1426,favour
1427,feared
1428,fellow
1429,felony
1430,female
1431,fender
1432,fibers
1433,fields
1434,fierce
1435,fights
1436,figure
1437,filing
1438,filled
1439,filler
1440,filmed
1441,filter
1442,finale
1443,finals
1444,finely
1445,finest
1446,finger
1447,finish
1448,firing
1449,firmly
1450,fiscal
1451,fitted
1452,fixing
1453,flames
1454,flavor
1455,flawed
1456,flight
1457,floors
1458,floral
1459,flower
1460,fluffy
1461,fluids
1462,flyers
1463,flying
1464,folded
1465,folder
1466,follow
1467,forced
1468,forces
1469,forest
1470,forget
1471,forgot
1472,formal
1473,format
1474,formed
1475,former
1476,forums
1477,fossil
1478,foster
1479,fought
1480,fourth
1481,frames
1482,freely
1483,freeze
1484,french
1485,fridge
1486,friend
1487,fringe
1488,frozen
1489,fruits
1490,funded
1491,funnel
1492,fusion
1493,future
1494,gained
1495,galaxy
1496,gallon
1497,gamers
1498,gaming
1499,garage
1500,garden
1501,garlic
1502,gather
1503,geared
1504,gender
1505,genius
1506,genres
1507,gentle
1508,gently
1509,german
1510,ghosts
1511,giants
1512,gifted
1513,ginger
1514,giving
1515,glance
1516,glands
1517,global
1518,glossy
1519,gloves
1520,gluten
1521,golden
1522,google
1523,gospel
1524,gotten
1525,govern
1526,grades
1527,grains
1528,grants
1529,grapes
1530,graphs
1531,gravel
1532,graves
1533,grease
1534,greens
1535,groove
1536,ground
1537,groups
1538,growth
1539,guards
1540,guests
1541,guided
1542,guides
1543,guilty
1544,guitar
1545,habits
1546,hammer
1547,handed
1548,handle
1549,happen
1550,harbor
1551,harder
1552,hardly
1553,hassle
1554,hatred
1555,having
1556,hazard
1557,headed
1558,header
1559,healed
1560,health
1561,hearts
1562,heated
1563,heater
1564,heaven
1565,height
1566,helmet
1567,helped
1568,herbal
1569,hereby
1570,herein
1571,heroes
1572,heroic
1573,heroin
1574,hidden
1575,hiding
1576,higher
1577,highly
1578,hiking
1579,hiring
1580,hockey
1581,holder
1582,hollow
1583,honest
1584,honors
1585,honour
1586,hooked
1587,hoping
1588,horror
1589,horses
1590,hosted
1591,hotels
1592,hourly
1593,housed
1594,houses
1595,hugely
1596,humane
1597,humans
1598,humble
1599,humour
1600,hunger
1601,hungry
1602,hunter
1603,hybrid
1604,iconic
1605,ideals
1606,ignore
1607,images
1608,immune
1609,impact
1610,import
1611,impose
1612,inches
1613,income
1614,indeed
1615,indoor
1616,induce
1617,infant
1618,inform
1619,injury
1620,inning
1621,inputs
1622,insane
1623,insect
1624,insert
1625,inside
1626,insist
1627,insure
1628,intact
1629,intake
1630,intend
1631,intent
1632,invest
1633,invite
1634,island
1635,issued
1636,issues
1637,itself
1638,jacket
1639,jersey
1640,joined
1641,joints
1642,judged
1643,judges
1644,juices
1645,jumped
1646,jungle
1647,junior
1648,keeper
1649,kernel
1650,kicked
1651,kidney
1652,killed
1653,killer
1654,kindle
1655,kindly
1656,knight
1657,knives
1658,labels
1659,labour
1660,lacked
1661,ladder
1662,ladies
1663,landed
1664,laptop
1665,larger
1666,lasted
1667,lastly
1668,lately
1669,latest
1670,latter
1671,laughs
1672,launch
1673,lawful
1674,lawyer
1675,layers
1676,laying
1677,layout
1678,leader
1679,league
1680,learns
1681,learnt
1682,leaves
1683,legacy
1684,legend
1685,legion
1686,lender
1687,length
1688,lenses
1689,lesser
1690,lesson
1691,lethal
1692,letter
1693,levels
1694,liable
1695,lifted
1696,lights
1697,likely
1698,limits
1699,linear
1700,lineup
1701,lining
1702,linked
1703,liquid
1704,liquor
1705,listed
1706,listen
1707,litter
1708,little
1709,lively
1710,living
1711,loaded
1712,locals
1713,locate
1714,locked
1715,locker
1716,logged
1717,lonely
1718,longer
1719,looked
1720,loosen
1721,losing
1722,losses
1723,lounge
1724,lovely
1725,lovers
1726,loving
1727,lowest
1728,lumber
1729,luxury
1730,lyrics
1731,magnet
1732,mailed
1733,mainly
1734,majors
1735,makers
1736,makeup
1737,making
1738,manage
1739,manner
1740,manual
1741,marble
1742,margin
1743,marine
1744,marked
1745,marker
1746,market
1747,marvel
1748,masses
1749,master
1750,matrix
1751,matter
1752,mature
1753,medals
1754,median
1755,medium
1756,melody
1757,melted
1758,member
1759,memory
1760,mental
1761,mentor
1762,merely
1763,merger
1764,merits
1765,metals
1766,meters
1767,method
1768,metres
1769,metric
1770,middle
1771,mighty
1772,miners
1773,mining
1774,minors
1775,minute
1776,mirror
1777,misery
1778,missed
1779,mixing
1780,mobile
1781,models
1782,modern
1783,modest
1784,modify
1785,module
1786,moment
1787,monkey
1788,months
1789,mostly
1790,mother
1791,motion
1792,motors
1793,mounts
1794,movies
1795,moving
1796,murder
1797,muscle
1798,museum
1799,mutual
1800,myriad
1801,myself
1802,namely
1803,narrow
1804,nation
1805,native
1806,nature
1807,nausea
1808,nearby
1809,nearly
1810,neatly
1811,needed
1812,needle
1813,nerves
1814,newest
1815,nicely
1816,nickel
1817,nights
1818,nobody
1819,noises
1820,normal
1821,notice
1822,notify
1823,noting
1824,notion
1825,novels
1826,novice
1827,number
1828,nurses
1829,object
1830,obtain
1831,occupy
1832,occurs
1833,oceans
1834,offers
1835,office
1836,offset
1837,oldest
1838,onions
1839,online
1840,opened
1841,opener
1842,openly
1843,oppose
1844,optics
1845,option
1846,oracle
1847,orange
1848,orders
1849,organs
1850,origin
1851,ounces
1852,outfit
1853,outlet
1854,output
1855,overly
1856,owners
1857,owning
1858,oxygen
1859,packed
1860,packet
1861,paired
1862,palace
1863,panels
1864,pantry
1865,papers
1866,parade
1867,parcel
1868,parent
1869,parish
1870,parked
1871,parole
1872,partly
1873,passed
1874,passes
1875,pastor
1876,pastry
1877,patent
1878,patrol
1879,patron
1880,paying
1881,peanut
1882,pedals
1883,pencil
1884,people
1885,pepper
1886,period
1887,permit
1888,person
1889,petrol
1890,phases
1891,phones
1892,photos
1893,phrase
1894,picked
1895,pickup
1896,picnic
1897,pieces
1898,pillar
1899,pillow
1900,pilots
1901,pirate
1902,pistol
1903,piston
1904,pixels
1905,placed
1906,places
1907,plains
1908,planes
1909,planet
1910,plants
1911,plaque
1912,plasma
1913,plates
1914,played
1915,player
1916,please
1917,pledge
1918,plenty
1919,pocket
1920,podium
1921,poetry
1922,points
1923,poison
1924,police
1925,policy
1926,polish
1927,polite
1928,poorly
1929,popped
1930,portal
1931,postal
1932,posted
1933,poster
1934,potato
1935,potent
1936,pounds
1937,poured
1938,powder
1939,powers
1940,praise
1941,prayer
1942,prefer
1943,pretty
1944,priced
1945,prices
1946,pricey
1947,priest
1948,primer
1949,prince
1950,prints
1951,prison
1952,prizes
1953,profit
1954,prompt
1955,proper
1956,proved
1957,proven
1958,proves
1959,public
1960,pulled
1961,punish
1962,pupils
1963,purely
1964,purity
1965,purple
1966,pursue
1967,pushed
1968,pushes
1969,puzzle
1970,python
1971,quartz
1972,quests
1973,quirky
1974,quoted
1975,quotes
1976,rabbit
1977,racial
1978,racing
1979,racism
1980,racist
1981,radius
1982,raised
1983,raises
1984,random
1985,ranged
1986,ranger
1987,ranges
1988,ranked
1989,rarely
1990,rather
1991,rating
1992,ratios
1993,reader
1994,really
1995,reason
1996,rebels
1997,recall
1998,recent
1999,recipe
2000,record
2001,redeem
2002,reduce
2003,refers
2004,refine
2005,reform
2006,refuge
2007,refund
2008,refuse
2009,regain
2010,regard
2011,regime
2012,region
2013,regret
2014,reject
2015,relate
2016,relied
2017,relief
2018,relies
2019,remain
2020,remedy
2021,remind
2022,remote
2023,remove
2024,render
2025,rental
2026,rented
2027,repair
2028,repeat
2029,report
2030,rescue
2031,reside
2032,resist
2033,resort
2034,result
2035,resume
2036,retail
2037,retain
2038,retire
2039,return
2040,reveal
2041,review
2042,reward
2043,rhythm
2044,ribbon
2045,richer
2046,riders
2047,riding
2048,rifles
2049,rights
2050,ripped
2051,rising
2052,ritual
2053,rivals
2054,rivers
2055,robots
2056,robust
2057,rocket
2058,rolled
2059,roller
2060,romans
2061,rookie
2062,rooted
2063,roster
2064,rotary
2065,rotate
2066,rounds
2067,router
2068,routes
2069,rubber
2070,rugged
2071,ruined
2072,ruling
2073,rumors
2074,runner
2075,runway
2076,rushed
2077,rustic
2078,sacred
2079,saddle
2080,safari
2081,safely
2082,safest
2083,safety
2084,saints
2085,salads
2086,salary
2087,salmon
2088,sample
2089,saving
2090,saying
2091,scales
2092,scared
2093,scenes
2094,scenic
2095,scheme
2096,school
2097,scored
2098,scores
2099,scouts
2100,screen
2101,screws
2102,script
2103,scroll
2104,sealed
2105,search
2106,season
2107,seated
2108,second
2109,secret
2110,sector
2111,secure
2112,seeing
2113,seemed
2114,seized
2115,seldom
2116,select
2117,seller
2118,senate
2119,sender
2120,senior
2121,senses
2122,sensor
2123,sequel
2124,serial
2125,series
2126,served
2127,server
2128,serves
2129,settle
2130,severe
2131,sewing
2132,sexual
2133,shades
2134,shadow
2135,shaped
2136,shapes
2137,shared
2138,shares
2139,sharks
2140,sheets
2141,shells
2142,shield
2143,shifts
2144,shines
2145,shirts
2146,shoots
2147,shores
2148,shorts
2149,should
2150,showed
2151,shower
2152,shrimp
2153,shrink
2154,sights
2155,signal
2156,signed
2157,silent
2158,silver
2159,simmer
2160,simple
2161,simply
2162,singer
2163,single
2164,sister
2165,sketch
2166,skiing
2167,skills
2168,skinny
2169,slaves
2170,sleeve
2171,slices
2172,slider
2173,slides
2174,slight
2175,slopes
2176,slowed
2177,slower
2178,slowly
2179,smells
2180,smiled
2181,smooth
2182,snacks
2183,snakes
2184,soccer
2185,social
2186,socket
2187,sodium
2188,softer
2189,solely
2190,solved
2191,sooner
2192,sorted
2193,sought
2194,sounds
2195,source
2196,soviet
2197,spaces
2198,speaks
2199,speech
2200,speeds
2201,spells
2202,spends
2203,sphere
2204,spices
2205,spider
2206,spikes
2207,spinal
2208,spirit
2209,splash
2210,spoken
2211,sponge
2212,sports
2213,spouse
2214,spread
2215,spring
2216,sprint
2217,square
2218,squash
2219,stable
2220,stacks
2221,stages
2222,stains
2223,stairs
2224,stakes
2225,stamps
2226,stance
2227,stands
2228,staple
2229,starts
2230,stated
2231,states
2232,static
2233,statue
2234,status
2235,stayed
2236,steady
2237,stereo
2238,sticks
2239,sticky
2240,stitch
2241,stocks
2242,stolen
2243,stones
2244,stored
2245,stores
2246,storms
2247,strain
2248,straps
2249,streak
2250,stream
2251,street
2252,stress
2253,strict
2254,strike
2255,string
2256,strips
2257,strive
2258,stroke
2259,strong
2260,struck
2261,studio
2262,stupid
2263,sturdy
2264,styles
2265,submit
2266,subtle
2267,subway
2268,sucked
2269,sudden
2270,suffer
2271,sugars
2272,suited
2273,suites
2274,summer
2275,summit
2276,summon
2277,sunset
2278,superb
2279,supply
2280,surely
2281,survey
2282,switch
2283,swords
2284,symbol
2285,syntax
2286,system
2287,tables
2288,tablet
2289,tackle
2290,tactic
2291,tagged
2292,taking
2293,talent
2294,talked
2295,taller
2296,target
2297,tasted
2298,tastes
2299,tattoo
2300,taught
2301,teamed
2302,temple
2303,tenant
2304,tended
2305,tender
2306,tennis
2307,tenure
2308,terror
2309,tested
2310,thanks
2311,theirs
2312,themes
2313,theory
2314,thesis
2315,thighs
2316,things
2317,thinks
2318,thirty
2319,though
2320,thread
2321,threat
2322,thrill
2323,thrive
2324,throat
2325,throne
2326,thrown
2327,throws
2328,ticket
2329,tigers
2330,timber
2331,timely
2332,timing
2333,tissue
2334,titled
2335,titles
2336,toilet
2337,tokens
2338,tomato
2339,tongue
2340,tonnes
2341,topics
2342,topped
2343,torque
2344,tossed
2345,toward
2346,towels
2347,towers
2348,toxins
2349,traced
2350,tracks
2351,traded
2352,trader
2353,trades
2354,tragic
2355,trails
2356,trains
2357,traits
2358,trauma
2359,travel
2360,treats
2361,treaty
2362,trends
2363,trendy
2364,trials
2365,tribal
2366,tribes
2367,tricks
2368,tricky
2369,triple
2370,troops
2371,trophy
2372,trucks
2373,trusts
2374,truths
2375,trying
2376,tubing
2377,tucked
2378,tumors
2379,tuning
2380,tunnel
2381,turkey
2382,turned
2383,turtle
2384,tweets
2385,twelve
2386,twenty
2387,typing
2388,unable
2389,uneven
2390,unfair
2391,unions
2392,unique
2393,united
2394,unless
2395,unlike
2396,unlock
2397,unpaid
2398,unsafe
2399,unsure
2400,unused
2401,update
2402,upload
2403,upside
2404,upward
2405,urgent
2406,usable
2407,useful
2408,utmost
2409,vacant
2410,vacuum
2411,valley
2412,valued
2413,values
2414,valves
2415,vanity
2416,varied
2417,varies
2418,vastly
2419,vector
2420,velvet
2421,vendor
2422,venues
2423,verbal
2424,verify
2425,verses
2426,versus
2427,vessel
2428,viable
2429,victim
2430,videos
2431,viewed
2432,viewer
2433,violin
2434,virgin
2435,virtue
2436,vision
2437,visits
2438,visual
2439,voices
2440,volume
2441,voters
2442,voting
2443,voyage
2444,waited
2445,waiver
2446,waking
2447,walked
2448,wallet
2449,walnut
2450,wander
2451,wanted
2452,warmer
2453,warmth
2454,warned
2455,washed
2456,washer
2457,wasted
2458,waters
2459,weaker
2460,wealth
2461,weapon
2462,weekly
2463,weighs
2464,weight
2465,whales
2466,wheels
2467,whilst
2468,whites
2469,wholly
2470,wicked
2471,widely
2472,widget
2473,wildly
2474,window
2475,winner
2476,winter
2477,wiring
2478,wisdom
2479,wisely
2480,wished
2481,wishes
2482,within
2483,wizard
2484,wolves
2485,wonder
2486,wooden
2487,worked
2488,worker
2489,worlds
2490,worthy
2491,wounds
2492,writer
2493,writes
2494,yearly
2495,yellow
2496,yields
2497,yogurt
2498,zipper
2499,zombie
2500,zoning
